home,away,season,edge_blurb,deep_dive_link,,
ATL,SEA,2025,"Seattle is the better team and should win this game most of the time, but the line has drifted past what the underlying numbers support. In betting terms, that usually means one thing: hold your nose, take the unsexy home dog with +7.5, and let the favorite win the game without having to blow anyone out to justify the price.",https://www.google.com/search?q=seattle+atlanta+deep+dive,,
LV,LAC,2025,"Classic division rivalry spot where the total feels inflated. The Chargers defense has strangled opponents at home, and the Raiders offense struggles on the road. Look for a grind-it-out game that stays Under 44.5.",https://www.google.com,,
KC,BUF,2025,,,,
PHI,DAL,2025,,,,
SF,LAR,2025,,,,
BAL,PIT,2025,,,,
CIN,CLE,2025,,,,
MIN,DET,2025,,,,
GB,CHI,2025,,,,
HOU,TEN,2025,,,,
JAX,IND,2025,,,,
NO,TB,2025,,,,
CAR,NYG,2025,,,,
MIA,NYJ,2025,,,,
